{"cameraMode":{"drawMode":0,"name":"Shaded","section":"Shading Mode"},"sceneLighting":true,"audioPlay":false,"sceneViewState":{"m_AlwaysRefresh":false,"showFog":true,"showSkybox":true,"showFlares":true,"showImageEffects":true,"showParticleSystems":true,"showVisualEffectGraphs":true,"m_FxEnabled":true},"in2DMode":false,"pivot":{"x":-659.7989501953125,"y":-267.6073303222656,"z":18.997859954833986},"rotation":{"x":-0.0009970574174076319,"y":0.9751201868057251,"z":0.004388042259961367,"w":0.22164171934127809},"size":0.68268221616745,"orthographic":true}